col_id	question_type	question_text	question_additional_text	response_options
respondent_id				
n_projects	integer	How many projects have you been involved in a dRTP capacity?	Over the last 18 Months	
n_simultaneous	integer	On average how many projects have you been working on simultaneously?	Over the last 18 Months	
proj_duration	integer	On average how long have your recent projects lasted, in months?	Over the last 18 Months	
team_size	integer	Including yourself, what is the approximate average team size for these projects?	This includes anyone regularly contributing to the project, e.g. academics, other RTPs, students, external stakeholders, etc	
drtps_in_team	integer	Approximately, on average how many other team members were also dRTPs?		
pmp_in_team	integer	Approximately how many of these projects had a dedicated project management professional involved regularly?	This includes: Project managers, Business Analysts, etc	
existing_pm_strats	integer	How many of these projects had existing project management strategies that you had to adopt/adapt to?		
reqs_frequency	single_choice	How frequently is Requirements Gathering a necessary part of your typical project workflow?		“Always”, “Frequently”, “Sometimes”, “Rarely”, “Never”
reqs_consequences	single_choice	In your view, how significant are the consequences for project outcomes when Requirements Gathering is not addressed?		“Critical - Total failure; primary goals become impossible to achieve.”, “Major - Severe disruptions requiring significant rework or loss of features.”, “Moderate - Noticeable issues requiring specific fixes or causing minor delays.”, “Minor - Small inconveniences easily managed without impacting the final outcome.”, 2Negligible - Barely any impact; no measurable effect on the project.”
reqs_approach	single_choice	When this aspect arises, which best describes your typical approach?		“Structured - I use specific strategies or frameworks”, “Ad-hoc - I handle it informally on a case-by-case basis without specific strategies”, “Not Managed - I do not currently address or manage this aspect.”
reqs_current_strats	multiple_choice	"If you responded ""Structured"": Which specific strategies for Requirements Gathering do you currently use?"		“User Stories”, “Stakeholder Interviews”, “Brainstorming”, “Mind mapping”, “Document/Codebase Analysis”, “Observation”, “Prototyping”
reqs_prev_use	single_choice	"If you responded ""Ad-hoc"" or ""Not Managed"": Have you used a specific, structured strategy for this aspect in the past?"		“Yes”, “No”
reqs_adopting	single_choice	"If you responded ""Ad-hoc"" or ""Not Managed"": Would you be open to adopting a structured strategy/approach for this in the future?"		“Yes”, “No”, “Not Sure”
scope_frequency	single_choice	How frequently is Scope Management a necessary part of your typical project workflow?		“Always”, “Frequently”, “Sometimes”, “Rarely”, “Never”
scope_consequences	single_choice	In your view, how significant are the consequences for project outcomes when Scope Management is not addressed?		“Critical - Total failure; primary goals become impossible to achieve.”, “Major - Severe disruptions requiring significant rework or loss of features.”, “Moderate - Noticeable issues requiring specific fixes or causing minor delays.”, “Minor - Small inconveniences easily managed without impacting the final outcome.”, 2Negligible - Barely any impact; no measurable effect on the project.”
scope_approach	single_choice	When this aspect arises, which best describes your typical approach?		“Structured - I use specific strategies or frameworks”, “Ad-hoc - I handle it informally on a case-by-case basis without specific strategies”, “Not Managed - I do not currently address or manage this aspect.”
scope_current_strats	multiple_choice	"If you responded ""Structured"": Which specific strategies for Scope Management do you currently use?"		“MoSCoW Prioritization”, “The 100-Dollar Test”, “SMART Goals”, “Minimum Viable Product (MVP) Definition”, “Scope Definition”, “Completion Criteria”, “Scope Relationship Diagrams”, “Scope verification”, “Change Impact Analysis”, “Change Log”
scope_prev_use	single_choice	"If you responded ""Ad-hoc"" or ""Not Managed"": Have you used a specific, structured strategy for this aspect in the past?"		“Yes”, “No”
scope_adopting	single_choice	"If you responded ""Ad-hoc"" or ""Not Managed"": Would you be open to adopting a structured strategy/approach for this in the future?"		“Yes”, “No”, “Not Sure”
planning_frequency	single_choice	How frequently is Task Planning a necessary part of your typical project workflow?		“Always”, “Frequently”, “Sometimes”, “Rarely”, “Never”
planning_consequences	single_choice	In your view, how significant are the consequences for project outcomes when Task Planning is not addressed?		“Critical - Total failure; primary goals become impossible to achieve.”, “Major - Severe disruptions requiring significant rework or loss of features.”, “Moderate - Noticeable issues requiring specific fixes or causing minor delays.”, “Minor - Small inconveniences easily managed without impacting the final outcome.”, 2Negligible - Barely any impact; no measurable effect on the project.”
planning_approach	single_choice	When this aspect arises, which best describes your typical approach?		“Structured - I use specific strategies or frameworks”, “Ad-hoc - I handle it informally on a case-by-case basis without specific strategies”, “Not Managed - I do not currently address or manage this aspect.”
planning_current_strats	multiple_choice	"If you responded ""Structured"": Which specific strategies for Task Planning do you currently use?"		“Work Breakdown Structure (WBS)”, “Work Package definitions”, “Agile Backlog Management (Epics, Backlogs, & Sprint Planning)”, “Task Dependency Mapping”, “Bucket size planning”, “Planning poker”, “Eisenhower Matrix”, “Requirement Traceability Matrix”
planning_prev_use	single_choice	"If you responded ""Ad-hoc"" or ""Not Managed"": Have you used a specific, structured strategy for this aspect in the past?"		“Yes”, “No”
planning_adopting	single_choice	"If you responded ""Ad-hoc"" or ""Not Managed"": Would you be open to adopting a structured strategy/approach for this in the future?"		“Yes”, “No”, “Not Sure”
timeline_frequency	single_choice	How frequently is Timeline Management a necessary part of your typical project workflow?		“Always”, “Frequently”, “Sometimes”, “Rarely”, “Never”
timeline_consequences	single_choice	In your view, how significant are the consequences for project outcomes when Timeline Management is not addressed?		“Critical - Total failure; primary goals become impossible to achieve.”, “Major - Severe disruptions requiring significant rework or loss of features.”, “Moderate - Noticeable issues requiring specific fixes or causing minor delays.”, “Minor - Small inconveniences easily managed without impacting the final outcome.”, 2Negligible - Barely any impact; no measurable effect on the project.”
timeline_approach	single_choice	When this aspect arises, which best describes your typical approach?		“Structured - I use specific strategies or frameworks”, “Ad-hoc - I handle it informally on a case-by-case basis without specific strategies”, “Not Managed - I do not currently address or manage this aspect.”
timeline_current_strats	multiple_choice	"If you responded ""Structured"": Which specific strategies for Timeline Management do you currently use?"		“Gantt Chart”, “Backward Mapping (Reverse Scheduling)”, “Roadmaps”, “Swimlane timelines”, “Kanban timelines”, “Critical path method”, “PERT (Program Evaluation and Review Technique) Chart”
timeline_prev_use	single_choice	"If you responded ""Ad-hoc"" or ""Not Managed"": Have you used a specific, structured strategy for this aspect in the past?"		“Yes”, “No”
timeline_adopting	single_choice	"If you responded ""Ad-hoc"" or ""Not Managed"": Would you be open to adopting a structured strategy/approach for this in the future?"		“Yes”, “No”, “Not Sure”
reporting_frequency	single_choice	How frequently is Progress Reporting a necessary part of your typical project workflow?		“Always”, “Frequently”, “Sometimes”, “Rarely”, “Never”
reporting_consequences	single_choice	In your view, how significant are the consequences for project outcomes when Progress Reporting is not addressed?		“Critical - Total failure; primary goals become impossible to achieve.”, “Major - Severe disruptions requiring significant rework or loss of features.”, “Moderate - Noticeable issues requiring specific fixes or causing minor delays.”, “Minor - Small inconveniences easily managed without impacting the final outcome.”, 2Negligible - Barely any impact; no measurable effect on the project.”
reporting_approach	single_choice	When this aspect arises, which best describes your typical approach?		“Structured - I use specific strategies or frameworks”, “Ad-hoc - I handle it informally on a case-by-case basis without specific strategies”, “Not Managed - I do not currently address or manage this aspect.”
reporting_current_strats	multiple_choice	"If you responded ""Structured"": Which specific strategies for Progress Reporting do you currently use?"		“Project status reports”, “Asynchronous Check-ins”, “Stand-ups”, “Progress review meetings”, “RAG Status (Red-Amber-Green)”, “Kanban Board”, “Project Dashboard”, “Burndown chart”
reporting_prev_use	single_choice	"If you responded ""Ad-hoc"" or ""Not Managed"": Have you used a specific, structured strategy for this aspect in the past?"		“Yes”, “No”
reporting_adopting	single_choice	"If you responded ""Ad-hoc"" or ""Not Managed"": Would you be open to adopting a structured strategy/approach for this in the future?"		“Yes”, “No”, “Not Sure”
collab_frequency	single_choice	How frequently is Collaboration Management a necessary part of your typical project workflow?		“Always”, “Frequently”, “Sometimes”, “Rarely”, “Never”
collab_consequences	single_choice	In your view, how significant are the consequences for project outcomes when Collaboration Management is not addressed?		“Critical - Total failure; primary goals become impossible to achieve.”, “Major - Severe disruptions requiring significant rework or loss of features.”, “Moderate - Noticeable issues requiring specific fixes or causing minor delays.”, “Minor - Small inconveniences easily managed without impacting the final outcome.”, 2Negligible - Barely any impact; no measurable effect on the project.”
collab_approach	single_choice	When this aspect arises, which best describes your typical approach?		“Structured - I use specific strategies or frameworks”, “Ad-hoc - I handle it informally on a case-by-case basis without specific strategies”, “Not Managed - I do not currently address or manage this aspect.”
collab_current_strats	multiple_choice	"If you responded ""Structured"": Which specific strategies for Collaboration Management do you currently use?"		“Meeting Minutes”, “Roles and Responsibilities Charter”, “Communication Plan/Agreement”, “Stakeholder Map”, “Working Agreements (Team Charters)”
collab_prev_use	single_choice	"If you responded ""Ad-hoc"" or ""Not Managed"": Have you used a specific, structured strategy for this aspect in the past?"		“Yes”, “No”
collab_adopting	single_choice	"If you responded ""Ad-hoc"" or ""Not Managed"": Would you be open to adopting a structured strategy/approach for this in the future?"		“Yes”, “No”, “Not Sure”
risk_frequency	single_choice	How frequently is Risk Management a necessary part of your typical project workflow?		“Always”, “Frequently”, “Sometimes”, “Rarely”, “Never”
risk_consequences	single_choice	In your view, how significant are the consequences for project outcomes when Risk Management is not addressed?		“Critical - Total failure; primary goals become impossible to achieve.”, “Major - Severe disruptions requiring significant rework or loss of features.”, “Moderate - Noticeable issues requiring specific fixes or causing minor delays.”, “Minor - Small inconveniences easily managed without impacting the final outcome.”, 2Negligible - Barely any impact; no measurable effect on the project.”
risk_approach	single_choice	When this aspect arises, which best describes your typical approach?		“Structured - I use specific strategies or frameworks”, “Ad-hoc - I handle it informally on a case-by-case basis without specific strategies”, “Not Managed - I do not currently address or manage this aspect.”
risk_current_strats	multiple_choice	"If you responded ""Structured"": Which specific strategies for Risk Management do you currently use?"		“RAID Log (Risks, Assumptions, Issues, Dependencies)”, “Risk Register/Log”, “Risk Statements”, “Risk Matrix”, “Mind-mapping risks”, “SWOT (Strengths, Weaknesses, Opportunities, Threats) risk analysis”, “PESTLE (Political, Economic, Social, Technological, Legal, Environmental) risk analysis”, “Bow-tie risk analysis”, “Risk Mitigation/Contingency Plan”, “Project Pre-Mortem”
risk_prev_use	single_choice	"If you responded ""Ad-hoc"" or ""Not Managed"": Have you used a specific, structured strategy for this aspect in the past?"		“Yes”, “No”
risk_adopting	single_choice	"If you responded ""Ad-hoc"" or ""Not Managed"": Would you be open to adopting a structured strategy/approach for this in the future?"		“Yes”, “No”, “Not Sure”
knowledge_frequency	single_choice	How frequently is Project Knowledge Management a necessary part of your typical project workflow?		“Always”, “Frequently”, “Sometimes”, “Rarely”, “Never”
knowledge_consequences	single_choice	In your view, how significant are the consequences for project outcomes when Project Knowledge Management is not addressed?		“Critical - Total failure; primary goals become impossible to achieve.”, “Major - Severe disruptions requiring significant rework or loss of features.”, “Moderate - Noticeable issues requiring specific fixes or causing minor delays.”, “Minor - Small inconveniences easily managed without impacting the final outcome.”, 2Negligible - Barely any impact; no measurable effect on the project.”
knowledge_approach	single_choice	When this aspect arises, which best describes your typical approach?		“Structured - I use specific strategies or frameworks”, “Ad-hoc - I handle it informally on a case-by-case basis without specific strategies”, “Not Managed - I do not currently address or manage this aspect.”
knowledge_current_strats	multiple_choice	"If you responded ""Structured"": Which specific strategies for Project Knowledge Management do you currently use?"		“Wikis”, “Project Logs (Changelogs)”, “Commit-driven documentation”, “Readme Files”, “Architecture Decision Records (ADR)”, “Docstrings and Code Comments”, “Contribution Guidelines”
knowledge_prev_use	single_choice	"If you responded ""Ad-hoc"" or ""Not Managed"": Have you used a specific, structured strategy for this aspect in the past?"		“Yes”, “No”
knowledge_adopting	single_choice	"If you responded ""Ad-hoc"" or ""Not Managed"": Would you be open to adopting a structured strategy/approach for this in the future?"		“Yes”, “No”, “Not Sure”
review_frequency	single_choice	How frequently is Project Review and Wrap-up a necessary part of your typical project workflow?		“Always”, “Frequently”, “Sometimes”, “Rarely”, “Never”
review_consequences	single_choice	In your view, how significant are the consequences for project outcomes when Project Review and Wrap-up is not addressed?		“Critical - Total failure; primary goals become impossible to achieve.”, “Major - Severe disruptions requiring significant rework or loss of features.”, “Moderate - Noticeable issues requiring specific fixes or causing minor delays.”, “Minor - Small inconveniences easily managed without impacting the final outcome.”, 2Negligible - Barely any impact; no measurable effect on the project.”
review_approach	single_choice	When this aspect arises, which best describes your typical approach?		“Structured - I use specific strategies or frameworks”, “Ad-hoc - I handle it informally on a case-by-case basis without specific strategies”, “Not Managed - I do not currently address or manage this aspect.”
review_current_strats	multiple_choice	"If you responded ""Structured"": Which specific strategies for Project Review and Wrap-up do you currently use?"		“Project Closure Checklist”, “Project Closure Report”, “Root Cause Analysis (The 5 Whys)”, “Post-Mortem Meeting/Retrospective”, “Within-Project Retrospectives”, “Approval decision gates”
review_prev_use	single_choice	"If you responded ""Ad-hoc"" or ""Not Managed"": Have you used a specific, structured strategy for this aspect in the past?"		“Yes”, “No”
review_adopting	single_choice	"If you responded ""Ad-hoc"" or ""Not Managed"": Would you be open to adopting a structured strategy/approach for this in the future?"		“Yes”, “No”, “Not Sure”
