respondent_id	n_projects	n_simultaneous	proj_duration	team_size	drtps_in_team	pmp_in_team	existing_pm_strats	reqs_frequency	reqs_consequences	reqs_approach	reqs_current_strats	reqs_prev_use	reqs_adopting	scope_frequency	scope_consequences	scope_approach	scope_current_strats	scope_prev_use	scope_adopting	planning_frequency	planning_consequences	planning_approach	planning_current_strats	planning_prev_use	planning_adopting	timeline_frequency	timeline_consequences	timeline_approach	timeline_current_strats	timeline_prev_use	timeline_adopting	reporting_frequency	reporting_consequences	reporting_approach	reporting_current_strats	reporting_prev_use	reporting_adopting	collab_frequency	collab_consequences	collab_approach	collab_current_strats	collab_prev_use	collab_adopting	risk_frequency	risk_consequences	risk_approach	risk_current_strats	risk_prev_use	risk_adopting	knowledge_frequency	knowledge_consequences	knowledge_approach	knowledge_current_strats	knowledge_prev_use	knowledge_adopting	review_frequency	review_consequences	review_approach	review_current_strats	review_prev_use	review_adopting
p001	8	3	12	4	2	1	1	Frequently	Major - Severe disruptions requiring significant rework or loss of features.	Structured - I use specific strategies or frameworks	Stakeholder Interviews, Brainstorming, Document/Codebase Analysis			Frequently	Critical - Total failure; primary goals become impossible to achieve.	Structured - I use specific strategies or frameworks	MoSCoW Prioritization, Change Log			Sometimes	Moderate - Noticeable issues requiring specific fixes or causing minor delays.	Structured - I use specific strategies or frameworks	Work Package definitions, Agile Backlog Management (Epics, Backlogs, & Sprint Planning)			Sometimes	Moderate - Noticeable issues requiring specific fixes or causing minor delays.	Structured - I use specific strategies or frameworks	Gantt Chart, Kanban timelines			Sometimes	Moderate - Noticeable issues requiring specific fixes or causing minor delays.	Structured - I use specific strategies or frameworks	Asynchronous Check-ins, Stand-ups, Progress review meetings, Kanban Board			Rarely	Minor - Small inconveniences easily managed without impacting the final outcome.	Ad-hoc - I handle it informally on a case-by-case basis without specific strategies		Yes	Yes	Sometimes	Moderate - Noticeable issues requiring specific fixes or causing minor delays.	Structured - I use specific strategies or frameworks	Risk Register/Log			Rarely	Minor - Small inconveniences easily managed without impacting the final outcome.	Ad-hoc - I handle it informally on a case-by-case basis without specific strategies		No	Yes	Sometimes	Major - Severe disruptions requiring significant rework or loss of features.	Not Managed - I do not currently address or manage this aspect.		No	Yes
p002	7	3	6	6	1	0	1	Frequently	Major - Severe disruptions requiring significant rework or loss of features.	Structured - I use specific strategies or frameworks	User Stories, Stakeholder Interviews, Prototyping	Yes	Yes	Frequently	Moderate - Noticeable issues requiring specific fixes or causing minor delays.	Structured - I use specific strategies or frameworks	MoSCoW Prioritization, Minimum Viable Product (MVP) Definition, Scope Definition, Written, prioritised list of user requirements with fixed time period			Frequently	Minor - Small inconveniences easily managed without impacting the final outcome.	Ad-hoc - I handle it informally on a case-by-case basis without specific strategies	Agile Backlog Management (Epics, Backlogs, & Sprint Planning)	Yes	Not Sure	Rarely	Minor - Small inconveniences easily managed without impacting the final outcome.	Ad-hoc - I handle it informally on a case-by-case basis without specific strategies		Yes	No	Frequently	Moderate - Noticeable issues requiring specific fixes or causing minor delays.	Ad-hoc - I handle it informally on a case-by-case basis without specific strategies	Kanban Board	No	No	Always	Minor - Small inconveniences easily managed without impacting the final outcome.	Structured - I use specific strategies or frameworks	Meeting minutes, Roles and Responsibilities Charter, Working Agreements (Team Charters)	Yes	Yes	Never	Minor - Small inconveniences easily managed without impacting the final outcome.	Not Managed - I do not currently address or manage this aspect.		No	Not Sure	Always	Major - Severe disruptions requiring significant rework or loss of features.	Structured - I use specific strategies or frameworks	Wikis, Project Logs (Changelogs), Commit-driven documentation, Readme Files, Docstrings and Code Comments, Contribution Guidelines			Sometimes	Minor - Small inconveniences easily managed without impacting the final outcome.		Within-Project Retrospectives		
p003	5	3	12	5	15	5	5	Always	Critical - Total failure; primary goals become impossible to achieve.	Structured - I use specific strategies or frameworks	User Stories, Stakeholder Interviews, Document/Codebase Analysis, Observation			Always	Critical - Total failure; primary goals become impossible to achieve.	Structured - I use specific strategies or frameworks	MoSCoW Prioritization, SMART Goals, Minimum Viable Product (MVP) Definition, Scope Definition, Completion Criteria, Change Log			Always	Major - Severe disruptions requiring significant rework or loss of features.	Structured - I use specific strategies or frameworks	Work Breakdown Structure (WBS), Work Package definitions, Agile Backlog Management (Epics, Backlogs, & Sprint Planning), Task Dependency Mapping			Always	Major - Severe disruptions requiring significant rework or loss of features.	Structured - I use specific strategies or frameworks	Gantt Chart, Kanban timelines, Critical path method			Always	Major - Severe disruptions requiring significant rework or loss of features.	Structured - I use specific strategies or frameworks	Project status reports, Asynchronous Check-ins, Stand-ups, Progress review meetings, Kanban Board			Always	Moderate - Noticeable issues requiring specific fixes or causing minor delays.	Structured - I use specific strategies or frameworks	Meeting minutes, Communication Plan/Agreement			Always	Major - Severe disruptions requiring significant rework or loss of features.	Structured - I use specific strategies or frameworks	Risk Register/Log, Risk Statements, Risk Matrix, Risk Mitigation/Contingency Plan			Always	Critical - Total failure; primary goals become impossible to achieve.	Structured - I use specific strategies or frameworks	Project Logs (Changelogs), Readme Files, Architecture Decision Records (ADR)			Always	Major - Severe disruptions requiring significant rework or loss of features.	Structured - I use specific strategies or frameworks	Project Closure Checklist, Project Closure Report, Post-Mortem Meeting/Retrospective, Within-Project Retrospectives, Approval decision gates		
p004	4	2	8	6	1	0	2	Frequently	Major - Severe disruptions requiring significant rework or loss of features.	Ad-hoc - I handle it informally on a case-by-case basis without specific strategies		Yes	Not Sure	Rarely	Moderate - Noticeable issues requiring specific fixes or causing minor delays.	Structured - I use specific strategies or frameworks	MoSCoW Prioritization, SMART Goals, Minimum Viable Product (MVP) Definition, Completion Criteria			Frequently	Major - Severe disruptions requiring significant rework or loss of features.	Structured - I use specific strategies or frameworks	Work Package definitions			Frequently	Critical - Total failure; primary goals become impossible to achieve.	Structured - I use specific strategies or frameworks	Gantt Chart			Always	Major - Severe disruptions requiring significant rework or loss of features.	Structured - I use specific strategies or frameworks	Asynchronous Check-ins, Progress review meetings, Kanban Board			Always	Major - Severe disruptions requiring significant rework or loss of features.	Structured - I use specific strategies or frameworks	Meeting minutes, Communication Plan/Agreement, Dedicated project slack/Google Chat channel(s)			Rarely	Major - Severe disruptions requiring significant rework or loss of features.	Not Managed - I do not currently address or manage this aspect.		No	Not Sure	Always	Major - Severe disruptions requiring significant rework or loss of features.	Structured - I use specific strategies or frameworks	Project Logs (Changelogs), Commit-driven documentation, Readme Files, Docstrings and Code Comments, Contribution Guidelines, Dedicated project Slack/Google chat channels			Frequently	Minor - Small inconveniences easily managed without impacting the final outcome.	Structured - I use specific strategies or frameworks	Post-Mortem Meeting/Retrospective		
p005	5	2		3	0	0	0	Always	Minor - Small inconveniences easily managed without impacting the final outcome.	Ad-hoc - I handle it informally on a case-by-case basis without specific strategies		Yes		Frequently	Moderate - Noticeable issues requiring specific fixes or causing minor delays.	Ad-hoc - I handle it informally on a case-by-case basis without specific strategies		Yes		Frequently	Moderate - Noticeable issues requiring specific fixes or causing minor delays.	Ad-hoc - I handle it informally on a case-by-case basis without specific strategies		Yes	Not Sure	Sometimes	Minor - Small inconveniences easily managed without impacting the final outcome.	Ad-hoc - I handle it informally on a case-by-case basis without specific strategies		Yes	Not Sure	Sometimes	Minor - Small inconveniences easily managed without impacting the final outcome.	Ad-hoc - I handle it informally on a case-by-case basis without specific strategies		Yes	Not Sure	Frequently	Minor - Small inconveniences easily managed without impacting the final outcome.	Ad-hoc - I handle it informally on a case-by-case basis without specific strategies		Yes	Not Sure	Always	Moderate - Noticeable issues requiring specific fixes or causing minor delays.	Ad-hoc - I handle it informally on a case-by-case basis without specific strategies		Yes	Not Sure	Sometimes	Minor - Small inconveniences easily managed without impacting the final outcome.	Structured - I use specific strategies or frameworks	Version control system with meaningful commits that form the basis of structured release notes.			Always	Minor - Small inconveniences easily managed without impacting the final outcome.	Structured - I use specific strategies or frameworks	Project Closure Report		
p006	4	3	24	10	0	0	1	Frequently	Critical - Total failure; primary goals become impossible to achieve.	Ad-hoc - I handle it informally on a case-by-case basis without specific strategies		Yes	Yes	Frequently	Moderate - Noticeable issues requiring specific fixes or causing minor delays.	Ad-hoc - I handle it informally on a case-by-case basis without specific strategies		No	Yes	Frequently	Moderate - Noticeable issues requiring specific fixes or causing minor delays.	Ad-hoc - I handle it informally on a case-by-case basis without specific strategies		No	Yes	Frequently	Major - Severe disruptions requiring significant rework or loss of features.	Structured - I use specific strategies or frameworks	Gantt Chart			Always	Moderate - Noticeable issues requiring specific fixes or causing minor delays.	Structured - I use specific strategies or frameworks	Project status reports, Progress review meetings			Always	Major - Severe disruptions requiring significant rework or loss of features.	Ad-hoc - I handle it informally on a case-by-case basis without specific strategies		Yes	Yes	Frequently	Major - Severe disruptions requiring significant rework or loss of features.	Ad-hoc - I handle it informally on a case-by-case basis without specific strategies		No	Yes	Always	Critical - Total failure; primary goals become impossible to achieve.	Structured - I use specific strategies or frameworks	Wikis, Project Logs (Changelogs), Commit-driven documentation, Readme Files, Docstrings and Code Comments, Contribution Guidelines			Sometimes	Minor - Small inconveniences easily managed without impacting the final outcome.	Ad-hoc - I handle it informally on a case-by-case basis without specific strategies		No	Yes
p007	5	2	5	4	2	2	0	Always	Major - Severe disruptions requiring significant rework or loss of features.	Ad-hoc - I handle it informally on a case-by-case basis without specific strategies		No	Yes	Frequently	Major - Severe disruptions requiring significant rework or loss of features.	Ad-hoc - I handle it informally on a case-by-case basis without specific strategies	Minimum Viable Product (MVP) Definition	Yes	Yes	Always	Major - Severe disruptions requiring significant rework or loss of features.	Ad-hoc - I handle it informally on a case-by-case basis without specific strategies		Yes	Yes	Frequently	Moderate - Noticeable issues requiring specific fixes or causing minor delays.	Structured - I use specific strategies or frameworks	Kanban timelines			Frequently	Moderate - Noticeable issues requiring specific fixes or causing minor delays.	Structured - I use specific strategies or frameworks	Project status reports, Stand-ups, Kanban Board, Project Dashboard			Frequently	Major - Severe disruptions requiring significant rework or loss of features.	Structured - I use specific strategies or frameworks	Meeting minutes			Never	Negligible - Barely any impact; no measurable effect on the project.	Not Managed - I do not currently address or manage this aspect.		No	Yes	Frequently	Major - Severe disruptions requiring significant rework or loss of features.	Structured - I use specific strategies or frameworks	Commit-driven documentation, Readme Files, Docstrings and Code Comments			Always	Minor - Small inconveniences easily managed without impacting the final outcome.	Ad-hoc - I handle it informally on a case-by-case basis without specific strategies		Yes	Yes
p008	3	1	30	5	2	0	0	Frequently	Moderate - Noticeable issues requiring specific fixes or causing minor delays.	Structured - I use specific strategies or frameworks	Stakeholder Interviews, Document/Codebase Analysis, Prototyping			Sometimes	Minor - Small inconveniences easily managed without impacting the final outcome.		Scope Definition			Always	Major - Severe disruptions requiring significant rework or loss of features.	Structured - I use specific strategies or frameworks	Work Package definitions			Sometimes	Minor - Small inconveniences easily managed without impacting the final outcome.	Structured - I use specific strategies or frameworks	Backward Mapping (Reverse Scheduling), Roadmaps			Frequently	Moderate - Noticeable issues requiring specific fixes or causing minor delays.	Structured - I use specific strategies or frameworks	Asynchronous Check-ins, Stand-ups, Project Dashboard			Frequently	Moderate - Noticeable issues requiring specific fixes or causing minor delays.	Structured - I use specific strategies or frameworks	Meeting minutes			Sometimes	Minor - Small inconveniences easily managed without impacting the final outcome.	Ad-hoc - I handle it informally on a case-by-case basis without specific strategies		No	Yes	Frequently	Moderate - Noticeable issues requiring specific fixes or causing minor delays.	Structured - I use specific strategies or frameworks	Commit-driven documentation, Readme Files, Docstrings and Code Comments			Frequently	Minor - Small inconveniences easily managed without impacting the final outcome.	Ad-hoc - I handle it informally on a case-by-case basis without specific strategies		No	Yes
p009	1	1	6	2	0	0	0	Always	Major - Severe disruptions requiring significant rework or loss of features.	Ad-hoc - I handle it informally on a case-by-case basis without specific strategies		No	Yes	Frequently	Major - Severe disruptions requiring significant rework or loss of features.	Ad-hoc - I handle it informally on a case-by-case basis without specific strategies		No	Yes	Always	Critical - Total failure; primary goals become impossible to achieve.	Ad-hoc - I handle it informally on a case-by-case basis without specific strategies		No	Yes	Frequently	Major - Severe disruptions requiring significant rework or loss of features.	Ad-hoc - I handle it informally on a case-by-case basis without specific strategies		No	Yes	Always	Moderate - Noticeable issues requiring specific fixes or causing minor delays.	Ad-hoc - I handle it informally on a case-by-case basis without specific strategies		No	Yes	Always	Major - Severe disruptions requiring significant rework or loss of features.	Ad-hoc - I handle it informally on a case-by-case basis without specific strategies		No	Yes	Frequently	Critical - Total failure; primary goals become impossible to achieve.	Ad-hoc - I handle it informally on a case-by-case basis without specific strategies		No	Yes	Frequently	Critical - Total failure; primary goals become impossible to achieve.	Structured - I use specific strategies or frameworks	Project Logs (Changelogs), Readme Files, Docstrings and Code Comments, Contribution Guidelines			Always	Moderate - Noticeable issues requiring specific fixes or causing minor delays.	Structured - I use specific strategies or frameworks	Within-Project Retrospectives		
p010	7	2	5	3	1	2	1	Frequently	Major - Severe disruptions requiring significant rework or loss of features.	Structured - I use specific strategies or frameworks	Stakeholder Interviews			Frequently	Moderate - Noticeable issues requiring specific fixes or causing minor delays.	Ad-hoc - I handle it informally on a case-by-case basis without specific strategies		No	Not Sure	Always	Major - Severe disruptions requiring significant rework or loss of features.	Ad-hoc - I handle it informally on a case-by-case basis without specific strategies		No	Yes	Frequently	Major - Severe disruptions requiring significant rework or loss of features.	Ad-hoc - I handle it informally on a case-by-case basis without specific strategies		Yes	Yes	Always	Moderate - Noticeable issues requiring specific fixes or causing minor delays.	Structured - I use specific strategies or frameworks	Asynchronous Check-ins, Progress review meetings, Kanban Board, Project document			Frequently	Moderate - Noticeable issues requiring specific fixes or causing minor delays.	Structured - I use specific strategies or frameworks	Meeting minutes, Communication Plan/Agreement, Working Agreements (Team Charters), List of stakeholders			Sometimes	Moderate - Noticeable issues requiring specific fixes or causing minor delays.	Ad-hoc - I handle it informally on a case-by-case basis without specific strategies		No	Yes	Always	Moderate - Noticeable issues requiring specific fixes or causing minor delays.		Commit-driven documentation, Readme Files, Docstrings and Code Comments, GitHub issues and pull requests			Always	Minor - Small inconveniences easily managed without impacting the final outcome.	Structured - I use specific strategies or frameworks	Post-Mortem Meeting/Retrospective, Within-Project Retrospectives		
p011	2	1	9	1	0	0	0	Always	Major - Severe disruptions requiring significant rework or loss of features.	Structured - I use specific strategies or frameworks	Stakeholder Interviews, Document/Codebase Analysis			Always	Major - Severe disruptions requiring significant rework or loss of features.	Structured - I use specific strategies or frameworks	MoSCoW Prioritization, Scope Definition, Completion Criteria, Change Log			Always	Critical - Total failure; primary goals become impossible to achieve.	Structured - I use specific strategies or frameworks	Work Package definitions, Agile Backlog Management (Epics, Backlogs, & Sprint Planning)			Frequently	Critical - Total failure; primary goals become impossible to achieve.	Not Managed - I do not currently address or manage this aspect.		No	Yes	Always	Critical - Total failure; primary goals become impossible to achieve.	Structured - I use specific strategies or frameworks	Project status reports, Stand-ups, Progress review meetings, Kanban Board			Always	Critical - Total failure; primary goals become impossible to achieve.	Structured - I use specific strategies or frameworks	Roles and Responsibilities Charter, Working Agreements (Team Charters)			Always	Critical - Total failure; primary goals become impossible to achieve.	Structured - I use specific strategies or frameworks	Risk Register/Log			Always	Critical - Total failure; primary goals become impossible to achieve.	Structured - I use specific strategies or frameworks	Project Logs (Changelogs), Readme Files, Docstrings and Code Comments			Always	Moderate - Noticeable issues requiring specific fixes or causing minor delays.	Structured - I use specific strategies or frameworks	Project Closure Checklist, Project Closure Report, Post-Mortem Meeting/Retrospective		
p012	7	2	3	2	0	0	1	Sometimes	Minor - Small inconveniences easily managed without impacting the final outcome.	Ad-hoc - I handle it informally on a case-by-case basis without specific strategies		Yes	Yes	Frequently	Moderate - Noticeable issues requiring specific fixes or causing minor delays.	Structured - I use specific strategies or frameworks	Scope Definition, Completion Criteria	Yes	Yes	Always	Major - Severe disruptions requiring significant rework or loss of features.	Structured - I use specific strategies or frameworks	Issue tracker	Yes	Yes	Rarely	Minor - Small inconveniences easily managed without impacting the final outcome.	Not Managed - I do not currently address or manage this aspect.		Yes	Yes	Frequently	Minor - Small inconveniences easily managed without impacting the final outcome.	Ad-hoc - I handle it informally on a case-by-case basis without specific strategies	Progress review meetings	Yes	Yes	Rarely	Moderate - Noticeable issues requiring specific fixes or causing minor delays.	Ad-hoc - I handle it informally on a case-by-case basis without specific strategies	Meeting minutes	Yes	Yes	Never	Moderate - Noticeable issues requiring specific fixes or causing minor delays.	Not Managed - I do not currently address or manage this aspect.	Risk Matrix, Risk Mitigation/Contingency Plan	Yes	Yes	Sometimes	Moderate - Noticeable issues requiring specific fixes or causing minor delays.	Ad-hoc - I handle it informally on a case-by-case basis without specific strategies	Commit-driven documentation, Readme Files	Yes	Yes	Sometimes	Minor - Small inconveniences easily managed without impacting the final outcome.	Ad-hoc - I handle it informally on a case-by-case basis without specific strategies	Post-Mortem Meeting/Retrospective	Yes	Yes
p013	3	2	12	2	1	1	1	Always	Major - Severe disruptions requiring significant rework or loss of features.	Structured - I use specific strategies or frameworks	User Stories, Stakeholder Interviews, Brainstorming, Observation, Prototyping			Always	Moderate - Noticeable issues requiring specific fixes or causing minor delays.	Structured - I use specific strategies or frameworks	SMART Goals, Minimum Viable Product (MVP) Definition, Scope Definition			Always	Major - Severe disruptions requiring significant rework or loss of features.	Structured - I use specific strategies or frameworks	Work Package definitions, Agile Backlog Management (Epics, Backlogs, & Sprint Planning), Task Dependency Mapping, Bucket size planning			Frequently	Major - Severe disruptions requiring significant rework or loss of features.	Structured - I use specific strategies or frameworks	Gantt Chart, Roadmaps, Kanban timelines			Frequently	Moderate - Noticeable issues requiring specific fixes or causing minor delays.	Structured - I use specific strategies or frameworks	Project status reports, Asynchronous Check-ins, Stand-ups, Progress review meetings, Kanban Board			Always	Major - Severe disruptions requiring significant rework or loss of features.	Structured - I use specific strategies or frameworks	Meeting minutes, Communication Plan/Agreement, Stakeholder Map			Sometimes	Moderate - Noticeable issues requiring specific fixes or causing minor delays.	Ad-hoc - I handle it informally on a case-by-case basis without specific strategies		Yes	Yes	Always	Major - Severe disruptions requiring significant rework or loss of features.	Structured - I use specific strategies or frameworks	Wikis, Project Logs (Changelogs), Readme Files, Docstrings and Code Comments, Contribution Guidelines			Always	Moderate - Noticeable issues requiring specific fixes or causing minor delays.	Structured - I use specific strategies or frameworks	Project Closure Report, Post-Mortem Meeting/Retrospective, Within-Project Retrospectives		
p014	8	3	9	2	1	0	0	Frequently	Critical - Total failure; primary goals become impossible to achieve.	Ad-hoc - I handle it informally on a case-by-case basis without specific strategies		No	Yes	Always	Critical - Total failure; primary goals become impossible to achieve.	Ad-hoc - I handle it informally on a case-by-case basis without specific strategies		No	Yes	Always	Critical - Total failure; primary goals become impossible to achieve.	Ad-hoc - I handle it informally on a case-by-case basis without specific strategies		No	Yes	Always	Major - Severe disruptions requiring significant rework or loss of features.	Ad-hoc - I handle it informally on a case-by-case basis without specific strategies		No	Yes	Rarely	Minor - Small inconveniences easily managed without impacting the final outcome.	Not Managed - I do not currently address or manage this aspect.		No	Yes	Always	Major - Severe disruptions requiring significant rework or loss of features.	Ad-hoc - I handle it informally on a case-by-case basis without specific strategies		No	Yes	Sometimes	Major - Severe disruptions requiring significant rework or loss of features.	Ad-hoc - I handle it informally on a case-by-case basis without specific strategies		No	Yes	Rarely	Moderate - Noticeable issues requiring specific fixes or causing minor delays.	Structured - I use specific strategies or frameworks	Readme Files, Docstrings and Code Comments, Contribution Guidelines			Always	Critical - Total failure; primary goals become impossible to achieve.	Ad-hoc - I handle it informally on a case-by-case basis without specific strategies		No	Yes
p015	6	3	10	2	2	0	1	Always	Major - Severe disruptions requiring significant rework or loss of features.	Ad-hoc - I handle it informally on a case-by-case basis without specific strategies	User Stories, Stakeholder Interviews, Mind mapping, Document/Codebase Analysis, Prototyping	Yes	Yes	Sometimes	Moderate - Noticeable issues requiring specific fixes or causing minor delays.	Structured - I use specific strategies or frameworks	Minimum Viable Product (MVP) Definition, Scope Definition			Always	Critical - Total failure; primary goals become impossible to achieve.	Structured - I use specific strategies or frameworks	Agile Backlog Management (Epics, Backlogs, & Sprint Planning), Task Dependency Mapping, Requirement Traceability Matrix			Sometimes	Moderate - Noticeable issues requiring specific fixes or causing minor delays.	Ad-hoc - I handle it informally on a case-by-case basis without specific strategies		No	Yes	Frequently	Major - Severe disruptions requiring significant rework or loss of features.	Ad-hoc - I handle it informally on a case-by-case basis without specific strategies		No	No	Frequently	Major - Severe disruptions requiring significant rework or loss of features.	Structured - I use specific strategies or frameworks	Meeting minutes			Sometimes	Major - Severe disruptions requiring significant rework or loss of features.	Ad-hoc - I handle it informally on a case-by-case basis without specific strategies		No	Yes	Always	Major - Severe disruptions requiring significant rework or loss of features.	Structured - I use specific strategies or frameworks	Project Logs (Changelogs), Commit-driven documentation, Readme Files, Architecture Decision Records (ADR), Docstrings and Code Comments, Contribution Guidelines			Frequently	Moderate - Noticeable issues requiring specific fixes or causing minor delays.	Not Managed - I do not currently address or manage this aspect.		No	Yes
